Date,Description,Category,Amount,Transaction Type
2025-06-20,Concert Ticket,Entertainment,3273.0,Expense
2025-05-30,Uber Ride,Transportation,459.0,Expense
2024-09-03,Starbucks Coffee,Food,414.38,Expense
2025-03-15,Nike Shoes,Shopping,6344.0,Expense
2024-11-11,Amazon Purchase,Shopping,3327.0,Expense
2025-07-22,McDonald's Meal,Food,291.42,Expense
2024-10-29,UberEats Delivery,Food,1225.49,Expense
2025-10-09,Gas Station,Transportation,2431.0,Expense
2025-11-16,Starbucks Coffee,Food,259.29,Expense
2025-03-16,Fine Dining,Food,2354.54,Expense
2025-12-07,Starbucks Coffee,Food,355.56,Expense
2025-11-09,Mobile Phone Bill,Utilities,464.0,Expense
2025-08-24,Car Service,Transportation,7598.0,Expense
2025-07-12,McDonald's Meal,Food,393.2,Expense
2025-01-23,Zara Clothing,Shopping,5583.0,Expense
2025-01-13,Metro Card Topup,Transportation,414.0,Expense
2025-04-14,Spotify Premium,Entertainment,119.0,Expense
2025-05-31,Cinema Movie Ticket,Entertainment,779.0,Expense
2024-11-19,Amazon Purchase,Shopping,3042.0,Expense
2024-08-12,Uber Ride,Transportation,462.0,Expense
2024-07-17,Uber Ride,Transportation,143.0,Expense
2024-11-02,Zara Clothing,Shopping,4589.0,Expense
2024-11-14,UberEats Delivery,Food,430.71,Expense
2025-06-29,Local Grocery Store,Food,3309.73,Expense
2024-07-31,Gas Station,Transportation,2875.0,Expense
2024-08-05,Fiber Internet Bill,Utilities,802.0,Expense
2024-07-27,Nike Shoes,Shopping,3891.0,Expense
2026-01-03,Car Service,Transportation,5494.0,Expense
2026-01-29,Cinema Movie Ticket,Entertainment,470.0,Expense
2025-02-18,UberEats Delivery,Food,678.89,Expense
2025-07-11,Concert Ticket,Entertainment,5100.0,Expense
2025-04-10,McDonald's Meal,Food,576.69,Expense
2025-10-03,Car Service,Transportation,5772.0,Expense
2025-08-21,McDonald's Meal,Food,360.38,Expense
2024-08-28,Electronics Store,Shopping,15726.0,Expense
2025-02-15,UberEats Delivery,Food,480.6,Expense
2024-11-16,Local Grocery Store,Food,2663.44,Expense
2025-07-12,Zara Clothing,Shopping,2041.0,Expense
2025-06-02,Cash withdrawal,,2000.0,Expense
2025-12-17,Health Checkup Package,Medical,4083.0,Expense
2024-08-07,Electronics Store,Shopping,10064.0,Expense
2026-02-07,Electricity Bill,Utilities,2089.0,Expense
2025-04-02,Starbucks Coffee,Food,463.81,Expense
2025-10-05,Amazon Purchase,Shopping,6837.0,Expense
2025-01-04,Pharmacy Medicines,Medical,1082.0,Expense
2025-11-27,Fine Dining,Food,5025.03,Expense
2026-01-07,Car Service,Transportation,7191.0,Expense
2025-09-10,Fine Dining,Food,1999.4,Expense
2024-08-11,Electronics Store,Shopping,16327.0,Expense
2025-08-07,Steam Game Purchase,Entertainment,2896.0,Expense
2025-09-01,Netflix Premium,Entertainment,649.0,Expense
2024-08-09,Starbucks Coffee,Food,347.76,Expense
2025-05-06,McDonald's Meal,Food,562.59,Expense
2026-02-27,Car Service,Transportation,6029.0,Expense
2026-02-10,UberEats Delivery,Food,650.2,Expense
2025-05-04,Uber Ride,Transportation,305.0,Expense
2024-12-31,UberEats Delivery,Food,553.04,Expense
2025-09-18,McDonald's Meal,Food,560.89,Expense
2024-11-29,Fine Dining,Food,3406.51,Expense
2025-03-23,Steam Game Purchase,Entertainment,1347.0,Expense
2024-11-01,Metro Card Topup,Transportation,432.0,Expense
2024-10-24,Local Grocery Store,Food,1365.52,Expense
2025-10-25,UberEats Delivery,Food,776.88,Expense
2025-12-10,Freelance Project,Income,10796.0,Income
2025-03-08,Electronics Store,Shopping,15376.0,Expense
2025-11-08,McDonald's Meal,Food,366.87,Expense
2026-02-21,Concert Ticket,Entertainment,3904.0,Expense
2024-11-22,Metro Card Topup,Transportation,398.0,Expense
2025-01-05,Fiber Internet Bill,Utilities,915.0,Expense
2025-11-15,Fine Dining,Food,4007.75,Expense
2026-02-20,Car Service,Transportation,4939.0,Expense
2025-03-31,Metro Card Topup,Transportation,271.0,Expense
2025-08-06,McDonald's Meal,Food,457.85,Expense
2025-10-22,McDonald's Meal,Food,509.57,Expense
2024-11-23,Spotify Premium,Entertainment,119.0,Expense
2024-11-17,McDonald's Meal,Food,380.57,Expense
2025-11-18,Uber Ride,Transportation,164.0,Expense
2024-07-27,Fine Dining,Food,4233.5,Expense
2025-12-01,Salary Credit,Income,60000.0,Income
2026-04-19,Amazon Purchase,Shopping,3700.0,Expense
2025-01-04,Local Grocery Store,Food,3351.0,Expense
2025-12-06,Concert Ticket,Entertainment,2153.0,Expense
2025-05-05,Metro Card Topup,Transportation,578.0,Expense
2025-06-09,Mobile Phone Bill,Utilities,488.0,Expense
2025-05-27,McDonald's Meal,Food,326.75,Expense
2026-01-20,Starbucks Coffee,Food,282.53,Expense
2026-06-09,UberEats Delivery,Food,1123.72,Expense
2024-11-21,Zara Clothing,Shopping,1520.0,Expense
2025-12-06,UberEats Delivery,Food,1224.86,Expense
2025-04-27,McDonald's Meal,Food,349.28,Expense
2024-08-07,Starbucks Coffee,Food,335.53,Expense
2025-03-18,Electronics Store,Shopping,24078.0,Expense
2025-11-19,Car Service,Transportation,5934.0,Expense
2025-02-17,Pharmacy Medicines,Medical,440.0,Expense
2026-06-19,Uber Ride,Transportation,225.0,Expense
2025-10-06,Gas Station,Transportation,2759.0,Expense
2026-02-08,Spotify Premium,Entertainment,119.0,Expense
2026-03-02,Gas Station,Transportation,2277.0,Expense
2024-07-19,Local Grocery Store,Food,3005.07,Expense
2025-11-16,Cinema Movie Ticket,Entertainment,597.0,Expense
2025-02-21,McDonald's Meal,Food,339.65,Expense
2024-10-06,UberEats Delivery,Food,423.27,Expense
2025-08-01,UberEats Delivery,Food,926.73,Expense
2026-04-22,McDonald's Meal,Food,585.98,Expense
2025-08-20,McDonald's Meal,Food,434.11,Expense
2025-05-28,Gas Station,Transportation,3498.0,Expense
2025-09-29,Uber Ride,Transportation,463.0,Expense
2026-04-14,Starbucks Coffee,Food,364.01,Expense
2025-05-25,Health Checkup Package,Medical,3325.0,Expense
2025-09-11,Uber Ride,Transportation,109.0,Expense
2025-06-05,Fiber Internet Bill,Utilities,819.0,Expense
2026-03-28,Gas Station,Transportation,2810.0,Expense
2026-04-07,Electricity Bill,Utilities,3120.0,Expense
2024-10-16,McDonald's Meal,Food,583.55,Expense
2026-06-20,Starbucks Coffee,Food,290.38,Expense
2026-02-01,Spotify Family Plan,Entertainment,179.0,Expense
2025-04-15,Metro Card Topup,Transportation,247.0,Expense
2024-10-02,Local Grocery Store,Food,3672.87,Expense
2024-10-20,Concert Ticket,Entertainment,2443.0,Expense
2025-01-17,Local Grocery Store,Food,2208.16,Expense
2025-12-07,Spotify Premium,Entertainment,119.0,Expense
2026-04-05,Zara Clothing,Shopping,2110.0,Expense
2025-05-13,Hotel Accommodation,Travel,11408.0,Expense
2025-03-12,Local Grocery Store,Food,3076.61,Expense
2024-11-14,Nike Shoes,Shopping,5358.0,Expense
2024-11-27,Concert Ticket,Entertainment,4770.0,Expense
2024-08-05,Local Grocery Store,Food,1747.48,Expense
2024-12-08,Amazon Purchase,Shopping,4321.2,Expense
2024-11-26,Amazon Purchase,Shopping,4658.0,Expense
2026-02-17,Uber Ride,Transportation,136.0,Expense
2025-08-07,Car Service,Transportation,3035.0,Expense
2025-08-31,Steam Game Purchase,Entertainment,984.0,Expense
2024-07-18,UberEats Delivery,Food,965.36,Expense
2025-09-30,Local Grocery Store,Food,3143.29,Expense
2026-03-05,Fine Dining,Food,5240.38,Expense
2025-01-09,Car Service,Transportation,5451.0,Expense
2026-03-24,Fine Dining,Food,2714.57,Expense
2025-06-11,Starbucks Coffee,Food,206.68,Expense
2025-05-14,Zara Clothing,Shopping,2270.0,Expense
2025-03-01,McDonald's Meal,Food,306.58,Expense
2026-06-29,Local Grocery Store,Food,2369.3,Expense
2024-12-05,Car Service,Transportation,3514.0,Expense
2025-11-10,Uber Ride,Transportation,177.0,Expense
2025-08-01,Salary Credit,Income,60000.0,Income
2026-01-17,UberEats Delivery,Food,1141.77,Expense
2026-01-01,Salary Credit,Income,65000.0,Income
2024-12-02,Starbucks Coffee,Food,373.46,Expense
2026-04-09,Fine Dining,Food,1854.63,Expense
2025-04-25,Uber Ride,Transportation,130.0,Expense
2025-09-14,Zara Clothing,Shopping,5160.0,Expense
2026-03-11,Starbucks Coffee,Food,451.92,Expense
2026-05-09,Fine Dining,Food,3743.11,Expense
2025-12-15,Metro Card Topup,Transportation,480.0,Expense
2025-04-26,UberEats Delivery,Food,1186.69,Expense
2025-05-02,Amazon Purchase,Shopping,2503.0,Expense
2026-02-21,Starbucks Coffee,Food,494.25,Expense
2025-12-16,Fine Dining,Food,4678.85,Expense
2025-02-21,McDonald's Meal,Food,339.65,Expense
2025-05-25,McDonald's Meal,Food,535.83,Expense
2025-05-10,Nike Shoes,Shopping,4302.0,Expense
2025-04-12,Starbucks Coffee,Food,406.49,Expense
2025-10-07,Electricity Bill,Utilities,3053.0,Expense
2025-11-30,Steam Game Purchase,Entertainment,1943.0,Expense
2025-01-07,Metro Card Topup,Transportation,485.0,Expense
2026-02-01,Netflix Premium,Entertainment,649.0,Expense
2024-12-20,Local Grocery Store,Food,2346.09,Expense
2024-08-03,Starbucks Coffee,Food,435.94,Expense
2025-05-12,Concert Ticket,Entertainment,2607.0,Expense
2025-06-24,Uber Ride,Transportation,227.0,Expense
2025-06-06,Local Grocery Store,Food,2183.59,Expense
2024-07-14,Fine Dining,Food,4587.22,Expense
2024-09-01,Salary Credit,Income,55000.0,Income
2026-06-07,Fine Dining,Food,1843.56,Expense
2025-07-11,Gas Station,Transportation,2996.0,Expense
2025-03-18,McDonald's Meal,Food,490.9,Expense
2025-06-01,Pharmacy Medicines,Medical,711.0,Expense
2024-12-11,Zara Clothing,Shopping,4605.900000000001,Expense
2026-01-15,Steam Game Purchase,Entertainment,1051.0,Expense
2026-03-03,Metro Card Topup,Transportation,471.0,Expense
2025-03-24,Nike Shoes,Shopping,5654.0,Expense
2025-11-15,Car Service,Transportation,5447.0,Expense
2025-09-15,Local Grocery Store,Food,2958.84,Expense
2025-07-19,McDonald's Meal,Food,414.22,Expense
2025-09-29,Cinema Movie Ticket,Entertainment,566.0,Expense
2025-01-01,Spotify Family Plan,Entertainment,179.0,Expense
2025-11-03,McDonald's Meal,Food,348.92,Expense
2025-11-01,Cinema Movie Ticket,Entertainment,779.0,Expense
2025-05-11,Fine Dining,Food,2071.56,Expense
2026-05-28,Car Service,Transportation,7281.0,Expense
2024-08-16,McDonald's Meal,Food,474.44,Expense
2026-05-30,UberEats Delivery,Food,783.25,Expense
2026-02-05,Fiber Internet Bill,Utilities,869.0,Expense
2026-01-29,Starbucks Coffee,Food,430.65,Expense
2024-10-22,Zara Clothing,Shopping,5603.0,Expense
2025-02-09,Zara Clothing,Shopping,2124.0,Expense
2024-09-01,Netflix Premium,Entertainment,649.0,Expense
2026-03-28,Electronics Store,Shopping,18501.0,Expense
2026-05-06,Concert Ticket,Entertainment,5418.0,Expense
2025-10-10,Starbucks Coffee,Food,451.45,Expense
2026-06-17,Gas Station,Transportation,1992.0,Expense
2026-06-13,Cinema Movie Ticket,Entertainment,633.0,Expense
2025-11-23,Local Grocery Store,Food,1611.9,Expense
2025-06-19,UberEats Delivery,Food,1056.45,Expense
2024-10-11,McDonald's Meal,Food,514.56,Expense
2024-11-13,UberEats Delivery,Food,595.06,Expense
2025-03-26,Spotify Premium,Entertainment,119.0,Expense
2025-10-26,Amazon Purchase,Shopping,3376.0,Expense
2025-07-03,Gas Station,Transportation,2905.0,Expense
2026-04-19,Starbucks Coffee,Food,279.21,Expense
2026-02-08,Gas Station,Transportation,2622.0,Expense
2025-12-11,Zara Clothing,Shopping,4140.5,Expense
2026-02-25,Starbucks Coffee,Food,336.11,Expense
2025-04-23,McDonald's Meal,Food,533.59,Expense
2026-03-22,Amazon Purchase,Shopping,2488.0,Expense
2025-05-15,Local Groceries,food,450.0,Expense
2025-11-08,Electronics Store,Shopping,12228.0,Expense
2025-09-07,Cinema Movie Ticket,Entertainment,760.0,Expense
2025-07-20,Cinema Movie Ticket,Entertainment,764.0,Expense
2024-11-10,Cinema Movie Ticket,Entertainment,645.0,Expense
2025-05-16,Starbucks Coffee,FOOD,150.0,Expense
2026-04-01,Spotify Family Plan,Entertainment,179.0,Expense
2025-07-31,Zara Clothing,Shopping,5709.0,Expense
2025-02-25,Electronics Store,Shopping,5388.0,Expense
2025-06-23,Local Grocery Store,Food,3515.24,Expense
2025-06-28,Uber Ride,Transportation,214.0,Expense
2026-04-01,Salary Credit,Income,65000.0,Income
2024-11-26,Gas Station,Transportation,1817.0,Expense
2025-01-18,UberEats Delivery,Food,788.27,Expense
2026-01-26,UberEats Delivery,Food,718.84,Expense
2024-08-01,Zara Clothing,Shopping,5344.0,Expense
2025-07-18,Fine Dining,Food,4713.02,Expense
2025-09-14,Gas Station,Transportation,2413.0,Expense
2025-05-28,Starbucks Coffee,Food,343.9,Expense
2026-05-16,Nike Shoes,Shopping,4276.0,Expense
2025-03-21,Uber Ride,Transportation,232.0,Expense
2025-12-29,Zara Clothing,Shopping,1903.2,Expense
2025-09-06,Uber Ride,Transportation,484.0,Expense
2025-08-01,Electronics Store,Shopping,6174.0,Expense
2024-08-18,Zara Clothing,Shopping,4345.0,Expense
2026-03-25,Freelance Project,Income,8268.0,Income
2024-09-09,McDonald's Meal,Food,411.84,Expense
2026-06-06,Starbucks Coffee,Food,400.7,Expense
2024-12-16,Starbucks Coffee,Food,194.49,Expense
2025-02-24,Steam Game Purchase,Entertainment,2028.0,Expense
2024-12-12,Starbucks Coffee,Food,349.39,Expense
2025-01-25,Uber Ride,Transportation,271.0,Expense
2026-01-08,Local Grocery Store,Food,3917.69,Expense
2024-11-11,Amazon Purchase,Shopping,3327.0,Expense
2025-08-20,Spotify Premium,Entertainment,119.0,Expense
2026-04-30,Amazon Purchase,Shopping,3023.0,Expense
2025-01-12,McDonald's Meal,Food,538.76,Expense
2025-05-11,Gas Station,Transportation,2420.0,Expense
2024-09-14,Electronics Store,Shopping,16164.0,Expense
2026-01-24,Amazon Purchase,Shopping,3278.0,Expense
2025-05-01,Salary Credit,Income,60000.0,Income
2025-05-25,Amazon Purchase,Shopping,1239.0,Expense
2025-06-09,UberEats Delivery,Food,963.43,Expense
2024-11-02,Steam Game Purchase,Entertainment,2133.0,Expense
2024-09-01,Spotify Premium,Entertainment,119.0,Expense
2025-04-16,UberEats Delivery,Food,1101.76,Expense
2026-06-25,Metro Card Topup,Transportation,558.0,Expense
2024-10-10,Fine Dining,Food,3253.14,Expense
2025-02-19,UberEats Delivery,Food,991.29,Expense
2025-05-03,Electronics Store,Shopping,15483.0,Expense
2026-04-13,Starbucks Coffee,Food,341.26,Expense
2025-10-28,Starbucks Coffee,Food,379.31,Expense
2025-11-11,Starbucks Coffee,Food,296.53,Expense
2026-03-13,UberEats Delivery,Food,472.38,Expense
2024-07-18,Car Service,Transportation,4735.0,Expense
2024-10-31,Starbucks Coffee,Food,411.05,Expense
2026-06-28,Steam Game Purchase,Entertainment,1546.0,Expense
2026-03-15,Airbnb Booking,Travel,19401.0,Expense
2025-07-16,Cinema Movie Ticket,Entertainment,513.0,Expense
2025-09-13,McDonald's Meal,Food,600.7,Expense
2025-10-01,Salary Credit,Income,60000.0,Income
2024-10-17,Metro Card Topup,Transportation,471.0,Expense
2026-01-31,Cinema Movie Ticket,Entertainment,405.0,Expense
2025-01-21,Electronics Store,Shopping,15823.0,Expense
2025-01-01,Local Grocery Store,Food,2877.84,Expense
2025-02-10,Starbucks Coffee,Food,287.66,Expense
2026-02-12,Car Service,Transportation,4602.0,Expense
2024-07-31,Local Grocery Store,Food,2190.42,Expense
2024-10-05,Fiber Internet Bill,Utilities,906.0,Expense
2024-12-09,Gas Station,Transportation,3200.0,Expense
2026-05-12,Local Grocery Store,Food,2843.62,Expense
2025-03-07,Car Service,Transportation,3702.0,Expense
2026-02-01,Nike Shoes,Shopping,5511.0,Expense
2025-07-15,Metro Card Topup,Transportation,564.0,Expense
2026-04-30,Spotify Premium,Entertainment,119.0,Expense
2025-10-01,Spotify Family Plan,Entertainment,179.0,Expense
2025-12-13,Nike Shoes,Shopping,4729.400000000001,Expense
2024-07-27,Fine Dining,Food,4233.5,Expense
2026-03-10,McDonald's Meal,Food,323.39,Expense
2025-12-08,Gas Station,Transportation,2169.0,Expense
2025-10-05,UberEats Delivery,Food,1125.38,Expense
2025-07-20,Zara Clothing,Shopping,1222.0,Expense
2026-02-05,McDonald's Meal,Food,361.76,Expense
2024-12-20,Local Grocery Store,Food,2346.09,Expense
2025-12-20,Nike Shoes,Shopping,8222.5,Expense
2025-08-07,Electricity Bill,Utilities,2709.0,Expense
2025-04-06,Fine Dining,Food,4325.53,Expense
2026-03-08,Starbucks Coffee,Food,218.52,Expense
2025-07-27,Steam Game Purchase,Entertainment,2305.0,Expense
2024-11-15,Cinema Movie Ticket,Entertainment,424.0,Expense
2025-02-07,Fine Dining,Food,2136.82,Expense
2025-02-23,Fine Dining,Food,4329.03,Expense
2025-11-04,Fine Dining,Food,2878.83,Expense
2026-02-16,McDonald's Meal,Food,388.3,Expense
2026-06-05,Fine Dining,Food,4880.82,Expense
2025-03-02,Car Service,Transportation,5220.0,Expense
2026-05-10,Cinema Movie Ticket,Entertainment,439.0,Expense
2025-11-05,Fine Dining,Food,3047.83,Expense
2024-08-01,Netflix Premium,Entertainment,649.0,Expense
2026-01-17,Nike Shoes,Shopping,6797.0,Expense
2024-12-14,McDonald's Meal,Food,547.04,Expense
2025-09-12,McDonald's Meal,Food,292.12,Expense
2024-09-07,Electricity Bill,Utilities,2985.0,Expense
2025-10-21,Local Grocery Store,Food,2158.69,Expense
2024-12-30,UberEats Delivery,Food,855.85,Expense
2025-05-11,Electronics Store,Shopping,8956.0,Expense
2026-06-04,Metro Card Topup,Transportation,561.0,Expense
2026-06-17,Fine Dining,Food,2662.47,Expense
2024-12-05,Starbucks Coffee,Food,179.61,Expense
2025-02-14,UberEats Delivery,Food,856.32,Expense
2025-12-05,Fiber Internet Bill,Utilities,883.0,Expense
2025-05-26,Gas Station,Transportation,3381.0,Expense
2024-12-01,Spotify Family Plan,Entertainment,179.0,Expense
2026-06-12,Starbucks Coffee,Food,346.12,Expense
2026-04-25,Fine Dining,Food,3031.47,Expense
2024-09-11,McDonald's Meal,Food,365.33,Expense
2025-11-13,UberEats Delivery,Food,454.33,Expense
2025-03-25,Fine Dining,Food,2273.23,Expense
2026-01-26,Metro Card Topup,Transportation,310.0,Expense
2025-01-10,Uber Ride,Transportation,313.0,Expense
2024-10-07,Starbucks Coffee,Food,324.4,Expense
2025-12-03,Local Grocery Store,Food,2333.24,Expense
2024-12-28,Starbucks Coffee,Food,198.06,Expense
2025-02-05,Fiber Internet Bill,Utilities,970.0,Expense
2024-10-29,Uber Ride,Transportation,331.0,Expense
2026-03-10,Uber Ride,Transportation,295.0,Expense
2024-09-23,Local Grocery Store,Food,3735.38,Expense
2026-05-18,Gas Station,Transportation,1766.0,Expense
2025-12-25,Nike Shoes,Shopping,8369.4,Expense
2025-01-20,Local Grocery Store,Food,3293.89,Expense
2025-02-08,McDonald's Meal,Food,262.45,Expense
2024-10-25,Local Grocery Store,Food,1482.51,Expense
2026-04-05,Fiber Internet Bill,Utilities,813.0,Expense
2025-06-30,Local Grocery Store,Food,3760.71,Expense
2025-12-02,Amazon Purchase,Shopping,3679.0,Expense
2025-09-26,Uber Ride,Transportation,147.0,Expense
2024-07-04,Starbucks Coffee,Food,197.12,Expense
2024-09-27,Steam Game Purchase,Entertainment,2192.0,Expense
2025-03-07,UberEats Delivery,Food,885.08,Expense
2024-12-05,Fiber Internet Bill,Utilities,831.0,Expense
2024-12-05,Electronics Store,Shopping,31918.9,Expense
2025-04-19,Concert Ticket,Entertainment,4959.0,Expense
2024-12-02,Spotify Premium,Entertainment,119.0,Expense
2025-04-13,Nike Shoes,Shopping,6392.0,Expense
2025-11-17,Car Service,Transportation,3748.0,Expense
2026-03-31,McDonald's Meal,Food,678.66,Expense
2025-03-15,UberEats Delivery,Food,1041.23,Expense
2025-04-01,UberEats Delivery,Food,1029.89,Expense
2024-12-25,UberEats Delivery,Food,1135.86,Expense
2026-02-14,Local Grocery Store,Food,1632.29,Expense
2025-11-15,Amazon Purchase,Shopping,7575.0,Expense
2026-04-06,Gas Station,Transportation,2683.0,Expense
2026-02-12,UberEats Delivery,Food,1058.64,Expense
2024-09-20,McDonald's Meal,Food,391.41,Expense
2025-12-13,UberEats Delivery,Food,1151.04,Expense
2025-10-15,McDonald's Meal,Food,553.87,Expense
2026-03-24,Gas Station,Transportation,2372.0,Expense
2025-05-08,UberEats Delivery,Food,490.46,Expense
2025-12-31,McDonald's Meal,Food,520.7,Expense
2025-06-28,McDonald's Meal,Food,624.22,Expense
2025-05-10,Nike Shoes,Shopping,4302.0,Expense
2024-10-01,Netflix Premium,Entertainment,649.0,Expense
2026-04-02,McDonald's Meal,Food,539.73,Expense
2026-06-10,Gas Station,Transportation,2188.0,Expense
2025-11-14,Starbucks Coffee,Food,458.83,Expense
2025-06-03,Electronics Store,Shopping,23941.0,Expense
2024-08-12,Uber Ride,Transportation,462.0,Expense
2025-02-22,Local Grocery Store,Food,2363.3,Expense
2025-03-21,Local Grocery Store,Food,3123.12,Expense
2026-01-07,Electricity Bill,Utilities,2875.0,Expense
2025-07-04,Spotify Premium,Entertainment,119.0,Expense
2025-11-16,Electronics Store,Shopping,12965.0,Expense
2025-12-18,UberEats Delivery,Food,1021.14,Expense
2025-09-28,McDonald's Meal,Food,542.27,Expense
2024-08-25,Local Grocery Store,Food,2450.38,Expense
2025-05-18,Zara Shopping,  Shopping  ,3400.0,Expense
2026-04-26,Local Grocery Store,Food,4037.77,Expense
2025-08-10,McDonald's Meal,Food,346.63,Expense
2025-04-17,UberEats Delivery,Food,433.37,Expense
2024-10-07,Electricity Bill,Utilities,2788.0,Expense
2025-04-23,Gas Station,Transportation,2523.0,Expense
2025-05-02,Concert Ticket,Entertainment,3568.0,Expense
2025-02-16,Starbucks Coffee,Food,397.96,Expense
2025-08-13,Fine Dining,Food,4158.68,Expense
2025-01-29,Metro Card Topup,Transportation,554.0,Expense
2025-08-30,Electronics Store,Shopping,15869.0,Expense
2025-08-31,McDonald's Meal,Food,415.44,Expense
2026-04-01,UberEats Delivery,Food,743.26,Expense
2025-05-01,UberEats Delivery,Food,980.66,Expense
2025-12-09,Mobile Phone Bill,Utilities,505.0,Expense
2026-05-01,Netflix Premium,Entertainment,649.0,Expense
2024-12-10,Uber Ride,Transportation,202.0,Expense
2025-12-09,UberEats Delivery,Food,1296.46,Expense
2025-04-30,Amazon Purchase,Shopping,3244.0,Expense
2026-03-03,Concert Ticket,Entertainment,5916.0,Expense
2025-11-20,Fine Dining,Food,4808.7,Expense
2025-07-14,Pharmacy Medicines,Medical,468.0,Expense
2025-12-28,Uber Ride,Transportation,283.0,Expense
2025-01-03,Electronics Store,Shopping,21562.0,Expense
2024-09-10,UberEats Delivery,Food,686.88,Expense
2024-10-12,Nike Shoes,Shopping,5406.0,Expense
2024-12-01,Local Grocery Store,Food,3135.57,Expense
2026-06-14,Car Service,Transportation,5058.0,Expense
2026-03-06,Uber Ride,Transportation,368.0,Expense
2024-12-04,Starbucks Coffee,Food,164.1,Expense
2026-06-20,Gas Station,Transportation,1559.0,Expense
2026-04-17,Concert Ticket,Entertainment,3853.0,Expense
2025-12-11,UberEats Delivery,Food,891.23,Expense
2025-02-16,Cinema Movie Ticket,Entertainment,747.0,Expense
2026-03-28,UberEats Delivery,Food,1252.57,Expense
2024-11-12,Zara Clothing,Shopping,2324.0,Expense
2024-08-19,Car Service,Transportation,3411.0,Expense
2025-09-15,Gas Station,Transportation,2560.0,Expense
2025-11-01,Netflix Premium,Entertainment,649.0,Expense
2026-03-04,Uber Ride,Transportation,230.0,Expense
2025-05-08,Nike Shoes,Shopping,3381.0,Expense
2026-06-18,Starbucks Coffee,Food,291.42,Expense
2026-06-21,Starbucks Coffee,Food,204.33,Expense
2025-11-17,Local Grocery Store,Food,1728.18,Expense
2026-04-07,McDonald's Meal,Food,625.16,Expense
2025-08-24,Local Grocery Store,Food,2907.48,Expense
2024-12-02,Metro Card Topup,Transportation,320.0,Expense
2024-12-01,Netflix Premium,Entertainment,649.0,Expense
2025-08-01,Netflix Premium,Entertainment,649.0,Expense
2026-06-04,UberEats Delivery,Food,498.98,Expense
2025-04-11,UberEats Delivery,Food,981.1,Expense
2025-09-02,UberEats Delivery,Food,1170.63,Expense
2024-11-24,McDonald's Meal,Food,570.62,Expense
2024-12-23,McDonald's Meal,Food,332.54,Expense
2025-01-09,Mobile Phone Bill,Utilities,436.0,Expense
2025-03-07,Electricity Bill,Utilities,2774.0,Expense
2024-08-03,Uber Ride,Transportation,168.0,Expense
2025-02-03,Car Service,Transportation,6742.0,Expense
2025-12-07,Car Service,Transportation,6412.0,Expense
2026-06-01,Spotify Family Plan,Entertainment,179.0,Expense
2025-09-20,Starbucks Coffee,Food,291.47,Expense
2025-11-24,Local Grocery Store,Food,3180.19,Expense
2025-10-25,Zara Clothing,Shopping,1691.0,Expense
2025-11-18,Local Grocery Store,Food,4238.47,Expense
2025-09-09,UberEats Delivery,Food,744.05,Expense
2025-11-13,Gas Station,Transportation,2288.0,Expense
2025-12-27,Gas Station,Transportation,1718.0,Expense
2024-12-26,McDonald's Meal,Food,419.81,Expense
2025-02-22,Electronics Store,Shopping,20100.0,Expense
2025-06-21,Electronics Store,Shopping,24823.0,Expense
2026-05-28,Spotify Premium,Entertainment,119.0,Expense
2025-05-17,Amazon Purchase,shopping,1200.0,Expense
2025-06-02,Steam Game Purchase,Entertainment,2218.0,Expense
2025-08-15,Amazon Purchase,Shopping,6157.0,Expense
2026-03-07,Starbucks Coffee,Food,201.58,Expense
2025-12-27,Amazon Purchase,Shopping,8768.5,Expense
2026-05-21,Starbucks Coffee,Food,255.71,Expense
2025-09-21,Gas Station,Transportation,2674.0,Expense
2026-04-04,Zara Clothing,Shopping,4949.0,Expense
2025-02-01,Spotify Family Plan,Entertainment,179.0,Expense
2025-03-05,Fine Dining,Food,4784.08,Expense
2025-10-25,Uber Ride,Transportation,303.0,Expense
2025-05-01,Spotify Family Plan,Entertainment,179.0,Expense
2024-12-23,Car Service,Transportation,3215.0,Expense
2024-08-28,Car Service,Transportation,4488.0,Expense
2024-12-17,Amazon Purchase,Shopping,3162.9,Expense
2026-06-28,Metro Card Topup,Transportation,550.0,Expense
2024-08-17,Metro Card Topup,Transportation,247.0,Expense
2024-09-14,Cinema Movie Ticket,Entertainment,429.0,Expense
2025-11-30,Starbucks Coffee,Food,259.96,Expense
2024-07-05,Metro Card Topup,Transportation,521.0,Expense
2025-05-07,Steam Game Purchase,Entertainment,1759.0,Expense
2024-10-08,Fine Dining,Food,1680.5,Expense
2026-04-10,Nike Shoes,Shopping,3979.0,Expense
2026-05-11,Metro Card Topup,Transportation,471.0,Expense
2024-11-22,McDonald's Meal,Food,448.9,Expense
2025-07-21,Starbucks Coffee,Food,443.51,Expense
2026-01-04,McDonald's Meal,Food,542.24,Expense
2025-07-26,McDonald's Meal,Food,327.28,Expense
2026-05-26,UberEats Delivery,Food,591.87,Expense
2025-12-08,Fine Dining,Food,1847.94,Expense
2024-12-25,Zara Clothing,Shopping,2934.1,Expense
2025-01-05,Local Grocery Store,Food,2802.22,Expense
2024-09-22,UberEats Delivery,Food,1123.85,Expense
2025-01-25,Local Grocery Store,Food,1410.83,Expense
2024-12-03,Local Grocery Store,Food,1855.27,Expense
2026-02-24,Uber Ride,Transportation,455.0,Expense
2025-04-19,Starbucks Coffee,Food,446.26,Expense
2024-09-23,Uber Ride,Transportation,217.0,Expense
2025-08-01,Car Service,Transportation,3145.0,Expense
2026-02-28,Starbucks Coffee,Food,365.54,Expense
2025-05-16,Steam Game Purchase,Entertainment,707.0,Expense
2024-09-22,Car Service,Transportation,5230.0,Expense
2026-04-11,Electronics Store,Shopping,20196.0,Expense
2026-01-28,Fine Dining,Food,3098.96,Expense
2024-11-05,UberEats Delivery,Food,1167.7,Expense
2025-04-28,Pharmacy Medicines,Medical,223.0,Expense
2024-11-27,Zara Clothing,Shopping,4785.0,Expense
2024-12-20,Nike Shoes,Shopping,7594.6,Expense
2026-05-26,Car Service,Transportation,7918.0,Expense
2025-02-06,UberEats Delivery,Food,818.4,Expense
2024-12-22,Nike Shoes,Shopping,8645.0,Expense
2026-05-08,Local Grocery Store,Food,3311.93,Expense
2024-12-06,Local Grocery Store,Food,3054.03,Expense
2025-08-27,Zara Clothing,Shopping,3824.0,Expense
2026-01-25,Fine Dining,Food,2210.89,Expense
2026-05-22,Amazon Purchase,Shopping,4832.0,Expense
2026-05-22,Fine Dining,Food,2843.03,Expense
2026-02-10,Car Service,Transportation,3570.0,Expense
2025-12-31,Electronics Store,Shopping,19828.9,Expense
2025-03-30,Zara Clothing,Shopping,5908.0,Expense
2025-06-25,Starbucks Coffee,Food,177.17,Expense
2024-07-09,Mobile Phone Bill,Utilities,406.0,Expense
2025-06-18,Nike Shoes,Shopping,6553.0,Expense
2025-03-09,Car Service,Transportation,6676.0,Expense
2024-12-19,Amazon Purchase,Shopping,925.6,Expense
2024-07-01,Spotify Family Plan,Entertainment,179.0,Expense
2025-12-30,Gas Station,Transportation,3051.0,Expense
2025-11-07,UberEats Delivery,Food,769.95,Expense
2024-07-23,Local Grocery Store,Food,1654.45,Expense
2024-11-15,Electronics Store,Shopping,16857.0,Expense
2024-09-21,McDonald's Meal,Food,392.5,Expense
2025-05-24,Airbnb Booking,Travel,11761.0,Expense
2026-02-03,UberEats Delivery,Food,1154.3,Expense
2025-05-14,Starbucks Coffee,Food,411.14,Expense
2026-03-01,Salary Credit,Income,65000.0,Income
2026-06-01,Zara Clothing,Shopping,4334.0,Expense
2025-11-12,Gas Station,Transportation,1614.0,Expense
2026-05-01,Uber Ride,Transportation,375.0,Expense
2026-06-08,Metro Card Topup,Transportation,503.0,Expense
2025-01-21,Fine Dining,Food,2525.61,Expense
2024-12-14,Nike Shoes,Shopping,5531.5,Expense
2025-02-26,McDonald's Meal,Food,318.99,Expense
2024-12-18,Fine Dining,Food,2202.33,Expense
2025-07-15,Starbucks Coffee,Food,439.77,Expense
2025-07-09,McDonald's Meal,Food,313.3,Expense
2025-02-16,Zara Clothing,Shopping,1622.0,Expense
2025-09-01,Salary Credit,Income,60000.0,Income
2026-01-17,Steam Game Purchase,Entertainment,2628.0,Expense
2026-02-26,Gas Station,Transportation,2761.0,Expense
2025-04-25,Starbucks Coffee,Food,166.61,Expense
2024-11-08,Zara Clothing,Shopping,3438.0,Expense
2025-06-07,Electricity Bill,Utilities,2287.0,Expense
2025-07-17,McDonald's Meal,Food,382.79,Expense
2025-10-06,Spotify Premium,Entertainment,119.0,Expense
2025-05-23,Local Grocery Store,Food,3611.75,Expense
2024-08-07,Gas Station,Transportation,2865.0,Expense
2026-02-06,Local Grocery Store,Food,3423.35,Expense
2025-10-14,Fine Dining,Food,2446.46,Expense
2024-11-01,Salary Credit,Income,55000.0,Income
2025-11-03,Amazon Purchase,Shopping,5935.0,Expense
2025-07-02,McDonald's Meal,Food,282.78,Expense
2025-04-16,Gas Station,Transportation,2379.0,Expense
2025-06-01,Netflix Premium,Entertainment,649.0,Expense
2025-05-09,Uber Ride,Transportation,358.0,Expense
2024-08-18,Car Service,Transportation,3596.0,Expense
2026-05-05,Fiber Internet Bill,Utilities,955.0,Expense
2025-11-01,Zara Clothing,Shopping,4452.0,Expense
2025-09-08,Metro Card Topup,Transportation,361.0,Expense
2025-05-08,Spotify Premium,Entertainment,119.0,Expense
2026-05-07,Electricity Bill,Utilities,3113.0,Expense
2025-11-10,Fine Dining,Food,3873.96,Expense
2026-05-28,UberEats Delivery,Food,1243.6,Expense
2025-11-07,Electricity Bill,Utilities,3155.0,Expense
2024-11-27,Car Service,Transportation,4263.0,Expense
2025-12-14,Fine Dining,Food,2333.57,Expense
2025-01-10,Starbucks Coffee,Food,351.4,Expense
2024-07-07,Electricity Bill,Utilities,2028.0,Expense
2024-07-01,McDonald's Meal,Food,364.0,Expense
2024-12-13,UberEats Delivery,Food,802.31,Expense
2026-03-06,Electronics Store,Shopping,16518.0,Expense
2025-09-21,UberEats Delivery,Food,460.76,Expense
2025-07-12,Concert Ticket,Entertainment,2684.0,Expense
2024-11-01,Netflix Premium,Entertainment,649.0,Expense
2025-05-18,Fine Dining,Food,4302.21,Expense
2024-07-16,Fine Dining,Food,4703.45,Expense
2026-03-19,Car Service,Transportation,3516.0,Expense
2025-08-15,McDonald's Meal,Food,429.36,Expense
2025-05-14,Gas Station,Transportation,1748.0,Expense
2025-06-20,Car Service,Transportation,5200.0,Expense
2025-11-05,Fiber Internet Bill,Utilities,860.0,Expense
2026-05-01,Salary Credit,Income,65000.0,Income
2024-11-20,Uber Ride,Transportation,330.0,Expense
2024-07-14,Zara Clothing,Shopping,4916.0,Expense
2024-12-26,Spotify Premium,Entertainment,119.0,Expense
2025-05-03,Car Service,Transportation,4839.0,Expense
2024-07-30,Fine Dining,Food,1671.9,Expense
2024-08-31,Cinema Movie Ticket,Entertainment,698.0,Expense
2025-01-01,Netflix Premium,Entertainment,649.0,Expense
2024-08-01,Spotify Family Plan,Entertainment,179.0,Expense
2025-09-09,Nike Shoes,Shopping,6595.0,Expense
2024-11-07,Electricity Bill,Utilities,2363.0,Expense
2024-09-07,Concert Ticket,Entertainment,4276.0,Expense
2025-08-17,Fine Dining,Food,5110.91,Expense
2025-06-10,Starbucks Coffee,Food,304.07,Expense
2024-08-10,Gas Station,Transportation,2316.0,Expense
2025-12-03,Metro Card Topup,Transportation,211.0,Expense
2026-01-07,UberEats Delivery,Food,1168.63,Expense
2024-07-28,Starbucks Coffee,Food,175.97,Expense
2024-10-16,McDonald's Meal,Food,583.55,Expense
2025-04-07,Fine Dining,Food,2803.52,Expense
2026-04-03,Local Grocery Store,Food,2412.81,Expense
2025-12-12,Gas Station,Transportation,2156.0,Expense
2025-07-09,Dental Clinic Visit,Medical,1857.0,Expense
2025-04-15,McDonald's Meal,Food,616.44,Expense
2025-05-17,Uber Ride,Transportation,295.0,Expense
2025-03-08,Cinema Movie Ticket,Entertainment,302.0,Expense
2026-06-01,Netflix Premium,Entertainment,649.0,Expense
2026-03-28,Spotify Premium,Entertainment,119.0,Expense
2026-06-22,Uber Ride,Transportation,367.0,Expense
2024-08-03,Amazon Purchase,Shopping,6581.0,Expense
2024-08-22,Concert Ticket,Entertainment,2960.0,Expense
2025-05-29,McDonald's Meal,Food,573.63,Expense
2024-10-21,Steam Game Purchase,Entertainment,1737.0,Expense
2024-11-30,Nike Shoes,Shopping,5271.0,Expense
2025-01-08,Starbucks Coffee,Food,175.63,Expense
2025-04-05,Starbucks Coffee,Food,401.71,Expense
2025-10-23,Uber Ride,Transportation,469.0,Expense
2025-06-28,Nike Shoes,Shopping,5919.0,Expense
2024-10-14,Local Grocery Store,Food,1259.6,Expense
2024-09-09,Mobile Phone Bill,Utilities,406.0,Expense
2025-11-29,Amazon Purchase,Shopping,6777.0,Expense
2025-09-08,Local Grocery Store,Food,3912.33,Expense
2024-10-27,Fine Dining,Food,1547.64,Expense
2025-10-02,Car Service,Transportation,4131.0,Expense
2024-08-07,Electricity Bill,Utilities,2738.0,Expense
2025-04-21,Local Grocery Store,Food,3136.7,Expense
2026-01-13,Uber Ride,Transportation,125.0,Expense
2025-12-30,Zara Clothing,Shopping,6237.400000000001,Expense
2025-08-07,Fine Dining,Food,3859.48,Expense
2025-06-21,Starbucks Coffee,Food,285.4,Expense
2024-10-15,Local Grocery Store,Food,2188.65,Expense
2024-09-21,Zara Clothing,Shopping,3719.0,Expense
2025-10-04,Starbucks Coffee,Food,214.53,Expense
2024-08-15,UberEats Delivery,Food,1103.11,Expense
2026-02-23,Steam Game Purchase,Entertainment,2599.0,Expense
2024-08-31,Nike Shoes,Shopping,6141.0,Expense
2025-04-18,Metro Card Topup,Transportation,270.0,Expense
2025-06-14,Fine Dining,Food,2253.38,Expense
2025-03-17,Local Grocery Store,Food,1561.92,Expense
2024-10-04,UberEats Delivery,Food,452.67,Expense
2024-11-17,Metro Card Topup,Transportation,301.0,Expense
2024-12-10,UberEats Delivery,Food,451.55,Expense
2025-03-05,Fiber Internet Bill,Utilities,941.0,Expense
2025-09-05,Starbucks Coffee,Food,333.1,Expense
2024-12-26,Metro Card Topup,Transportation,563.0,Expense
2024-08-26,Fine Dining,Food,2430.65,Expense
2025-08-28,Amazon Purchase,Shopping,2226.0,Expense
2025-09-23,Local Grocery Store,Food,1694.1,Expense
2024-08-29,UberEats Delivery,Food,665.98,Expense
2025-02-22,Concert Ticket,Entertainment,2693.0,Expense
2026-04-24,McDonald's Meal,Food,564.61,Expense
2026-04-26,Amazon Purchase,Shopping,5952.0,Expense
2025-08-22,Metro Card Topup,Transportation,451.0,Expense
2026-05-03,Metro Card Topup,Transportation,357.0,Expense
2024-12-08,Local Grocery Store,Food,2311.58,Expense
2026-04-27,Local Grocery Store,Food,1928.88,Expense
2026-03-07,Electricity Bill,Utilities,2645.0,Expense
2025-01-28,Gas Station,Transportation,1513.0,Expense
2024-11-12,Uber Ride,Transportation,103.0,Expense
2026-03-08,Zara Clothing,Shopping,2108.0,Expense
2025-12-07,Electricity Bill,Utilities,2561.0,Expense
2024-12-09,Local Grocery Store,Food,3549.67,Expense
2024-09-06,Electronics Store,Shopping,12990.0,Expense
2026-04-14,Nike Shoes,Shopping,6637.0,Expense
2025-06-25,Car Service,Transportation,7866.0,Expense
2024-11-17,Zara Clothing,Shopping,1817.0,Expense
2026-05-07,McDonald's Meal,Food,299.48,Expense
2025-12-19,Zara Clothing,Shopping,7196.8,Expense
2024-08-10,McDonald's Meal,Food,366.99,Expense
2024-08-23,Gas Station,Transportation,2946.0,Expense
2025-08-01,Flight Booking,Travel,17972.0,Expense
2024-07-20,Fine Dining,Food,2411.38,Expense
2026-01-05,Fiber Internet Bill,Utilities,937.0,Expense
2025-03-09,Mobile Phone Bill,Utilities,414.0,Expense
2025-03-01,Salary Credit,Income,60000.0,Income
2025-08-29,Starbucks Coffee,Food,277.22,Expense
2026-01-21,Uber Ride,Transportation,189.0,Expense
2025-10-24,McDonald's Meal,Food,540.53,Expense
2025-11-10,Amazon Purchase,Shopping,2023.0,Expense
2024-08-12,UberEats Delivery,Food,998.54,Expense
2024-08-18,Starbucks Coffee,Food,174.71,Expense
2026-01-12,Zara Clothing,Shopping,1651.0,Expense
2024-08-17,McDonald's Meal,Food,592.67,Expense
2025-03-04,Car Service,Transportation,7428.0,Expense
2025-06-27,McDonald's Meal,Food,415.71,Expense
2026-05-04,Amazon Purchase,Shopping,1676.0,Expense
2025-12-17,Starbucks Coffee,Food,204.19,Expense
2025-02-24,Starbucks Coffee,Food,378.65,Expense
2025-06-07,Local Grocery Store,Food,2324.19,Expense
2025-09-03,McDonald's Meal,Food,437.44,Expense
2026-02-11,Gas Station,Transportation,3317.0,Expense
2025-02-03,Starbucks Coffee,Food,399.03,Expense
2026-04-08,Fine Dining,Food,2390.08,Expense
2025-09-19,McDonald's Meal,Food,518.43,Expense
2025-10-17,Amazon Purchase,Shopping,7446.0,Expense
2024-08-31,Starbucks Coffee,Food,443.49,Expense
2025-05-21,Metro Card Topup,Transportation,505.0,Expense
2025-11-09,Cinema Movie Ticket,Entertainment,393.0,Expense
2025-11-19,UberEats Delivery,Food,1269.57,Expense
2026-01-11,Fine Dining,Food,4683.54,Expense
2024-08-04,Cinema Movie Ticket,Entertainment,347.0,Expense
2024-12-01,Salary Credit,Income,55000.0,Income
2025-10-27,Fine Dining,Food,2433.73,Expense
2024-11-13,Gas Station,Transportation,2524.0,Expense
2024-11-04,Local Grocery Store,Food,1776.84,Expense
2024-09-27,Local Grocery Store,Food,2569.64,Expense
2026-05-27,UberEats Delivery,Food,677.69,Expense
2025-01-19,Concert Ticket,Entertainment,5912.0,Expense
2024-09-07,UberEats Delivery,Food,742.23,Expense
2026-04-30,Starbucks Coffee,Food,449.22,Expense
2024-11-17,Steam Game Purchase,Entertainment,2400.0,Expense
2026-06-14,Fine Dining,Food,3190.73,Expense
2024-07-03,Local Grocery Store,Food,1226.5,Expense
2025-03-01,Netflix Premium,Entertainment,649.0,Expense
2025-07-12,Concert Ticket,Entertainment,2684.0,Expense
2024-11-20,Starbucks Coffee,Food,420.93,Expense
2025-05-12,Metro Card Topup,Transportation,560.0,Expense
2025-01-29,Fine Dining,Food,1613.35,Expense
2025-09-30,Gas Station,Transportation,2372.0,Expense
2026-02-14,Uber Ride,Transportation,100.0,Expense
2025-04-28,Uber Ride,Transportation,258.0,Expense
2025-03-06,Metro Card Topup,Transportation,215.0,Expense
2025-07-21,Uber Ride,Transportation,231.0,Expense
2026-05-16,Gas Station,Transportation,3391.0,Expense
2024-09-26,UberEats Delivery,Food,1129.84,Expense
2025-03-29,Metro Card Topup,Transportation,514.0,Expense
2025-12-31,Electronics Store,Shopping,19828.9,Expense
2026-06-03,Local Grocery Store,Food,3906.46,Expense
2025-07-28,Fine Dining,Food,5016.98,Expense
2025-04-17,Metro Card Topup,Transportation,261.0,Expense
2024-10-12,Local Grocery Store,Food,4059.13,Expense
2026-06-15,Fine Dining,Food,2596.16,Expense
2025-07-07,Spotify Premium,Entertainment,119.0,Expense
2025-06-01,Miscellaneous Spent,,500.0,Expense
2025-11-22,Electronics Store,Shopping,11079.0,Expense
2026-01-13,Zara Clothing,Shopping,2521.0,Expense
2025-09-01,Spotify Family Plan,Entertainment,179.0,Expense
2025-05-19,Uber Auto,transportation,120.0,Expense
2024-07-01,Uber Ride,Transportation,446.0,Expense
2026-05-13,Nike Shoes,Shopping,4527.0,Expense
2025-06-21,Car Service,Transportation,5628.0,Expense
2026-01-31,Local Grocery Store,Food,3363.63,Expense
2025-01-06,Fine Dining,Food,3473.87,Expense
2025-11-06,Gas Station,Transportation,2204.0,Expense
2024-12-24,Starbucks Coffee,Food,189.62,Expense
2025-06-03,Coffee Shop,Food,350 INR,Expense
2026-01-24,Local Grocery Store,Food,1643.89,Expense
2026-01-09,Local Grocery Store,Food,2749.35,Expense
2024-11-21,Metro Card Topup,Transportation,565.0,Expense
2026-02-04,UberEats Delivery,Food,1098.52,Expense
2025-01-19,UberEats Delivery,Food,784.25,Expense
2026-05-03,Local Grocery Store,Food,1421.21,Expense
2025-09-14,Fine Dining,Food,4690.95,Expense
2024-09-24,Spotify Premium,Entertainment,119.0,Expense
2025-04-09,Zara Clothing,Shopping,3245.0,Expense
2026-01-18,Nike Shoes,Shopping,3792.0,Expense
2025-10-25,Concert Ticket,Entertainment,3951.0,Expense
2026-01-12,Fine Dining,Food,5418.12,Expense
2026-03-16,Amazon Purchase,Shopping,3492.0,Expense
2025-02-25,Concert Ticket,Entertainment,4194.0,Expense
2025-04-14,Starbucks Coffee,Food,211.79,Expense
2025-12-28,Electronics Store,Shopping,12210.9,Expense
2024-11-06,Starbucks Coffee,Food,337.65,Expense
2025-12-01,Gas Station,Transportation,2653.0,Expense
2024-11-09,McDonald's Meal,Food,553.51,Expense
2026-03-29,Uber Ride,Transportation,385.0,Expense
2026-04-05,McDonald's Meal,Food,301.14,Expense
2024-11-05,Fiber Internet Bill,Utilities,832.0,Expense
2024-08-14,Starbucks Coffee,Food,305.74,Expense
2024-09-28,UberEats Delivery,Food,1059.02,Expense
2025-02-08,McDonald's Meal,Food,262.45,Expense
2025-06-24,Amazon Purchase,Shopping,3452.0,Expense
2026-01-28,Amazon Purchase,Shopping,7234.0,Expense
2025-11-29,McDonald's Meal,Food,591.72,Expense
2026-03-01,Spotify Family Plan,Entertainment,179.0,Expense
2024-09-18,Gas Station,Transportation,2041.0,Expense
2026-01-03,Spotify Premium,Entertainment,119.0,Expense
2025-02-05,Car Service,Transportation,3259.0,Expense
2025-12-22,Fine Dining,Food,4750.69,Expense
2025-04-01,Salary Credit,Income,60000.0,Income
2026-04-26,Concert Ticket,Entertainment,2605.0,Expense
2025-03-30,Spotify Premium,Entertainment,119.0,Expense
2025-11-06,Amazon Purchase,Shopping,6134.0,Expense
2025-01-07,Electricity Bill,Utilities,2307.0,Expense
2025-01-27,Fine Dining,Food,4293.61,Expense
2024-07-01,Salary Credit,Income,55000.0,Income
2025-01-08,Metro Card Topup,Transportation,442.0,Expense
2026-06-02,Starbucks Coffee,Food,475.92,Expense
2025-03-14,Fine Dining,Food,2165.2,Expense
2026-03-29,Amazon Purchase,Shopping,4843.0,Expense
2024-08-02,Gas Station,Transportation,2397.0,Expense
2025-06-03,UberEats Delivery,Food,811.56,Expense
2026-04-10,Starbucks Coffee,Food,405.67,Expense
2025-11-24,Amazon Purchase,Shopping,858.0,Expense
2026-01-22,Starbucks Coffee,Food,244.65,Expense
2024-10-09,Starbucks Coffee,Food,205.13,Expense
2025-03-01,Spotify Family Plan,Entertainment,179.0,Expense
2024-09-10,Gas Station,Transportation,1747.0,Expense
2025-11-02,Nike Shoes,Shopping,5531.0,Expense
2025-04-13,Spotify Premium,Entertainment,119.0,Expense
2025-07-15,Concert Ticket,Entertainment,5159.0,Expense
2024-08-21,Fine Dining,Food,3360.85,Expense
2026-06-19,McDonald's Meal,Food,353.44,Expense
2024-10-13,Concert Ticket,Entertainment,4864.0,Expense
2025-10-26,Local Grocery Store,Food,2943.23,Expense
2025-08-31,Electronics Store,Shopping,19189.0,Expense
2025-02-09,Steam Game Purchase,Entertainment,564.0,Expense
2024-11-18,Fine Dining,Food,4251.89,Expense
2024-08-08,Metro Card Topup,Transportation,600.0,Expense
2025-09-07,Starbucks Coffee,Food,302.73,Expense
2024-09-15,Concert Ticket,Entertainment,2348.0,Expense
2024-12-06,Metro Card Topup,Transportation,323.0,Expense
2025-12-04,Fine Dining,Food,4252.2,Expense
2024-12-22,Spotify Premium,Entertainment,119.0,Expense
2026-06-28,Fine Dining,Food,3534.35,Expense
2026-01-06,Local Grocery Store,Food,2814.66,Expense
2025-03-28,UberEats Delivery,Food,992.15,Expense
2025-12-01,UberEats Delivery,Food,1264.66,Expense
2025-01-11,UberEats Delivery,Food,697.75,Expense
2025-03-25,Car Service,Transportation,6785.0,Expense
2026-05-25,UberEats Delivery,Food,584.91,Expense
2024-12-27,Gas Station,Transportation,1850.0,Expense
2025-02-14,Car Service,Transportation,4506.0,Expense
2024-10-03,Fine Dining,Food,3103.81,Expense
2024-07-17,Local Grocery Store,Food,2187.17,Expense
2025-04-02,Zara Clothing,Shopping,5604.0,Expense
2024-10-21,Fine Dining,Food,2908.43,Expense
2025-10-04,Electronics Store,Shopping,7888.0,Expense
2026-05-04,Car Service,Transportation,6393.0,Expense
2026-05-04,UberEats Delivery,Food,970.78,Expense
2024-10-06,Zara Clothing,Shopping,1812.0,Expense
2025-11-30,Nike Shoes,Shopping,5693.0,Expense
2025-06-12,UberEats Delivery,Food,1001.47,Expense
2024-10-10,Investment Yield,Income,2764.0,Income
2025-04-04,Starbucks Coffee,Food,396.34,Expense
2026-02-24,Local Grocery Store,Food,2704.11,Expense
2026-06-11,UberEats Delivery,Food,694.41,Expense
2025-03-24,UberEats Delivery,Food,765.68,Expense
2024-08-10,Amazon Purchase,Shopping,6835.0,Expense
2026-03-13,Amazon Purchase,Shopping,809.0,Expense
2025-05-10,Investment Yield,Income,2069.0,Income
2025-08-05,McDonald's Meal,Food,543.26,Expense
2025-06-16,Electronics Store,Shopping,23230.0,Expense
2025-09-29,Fine Dining,Food,3469.65,Expense
2024-11-12,Local Grocery Store,Food,1424.16,Expense
2025-07-29,Fine Dining,Food,2042.62,Expense
2024-11-09,Mobile Phone Bill,Utilities,559.0,Expense
2024-10-01,Electronics Store,Shopping,16137.0,Expense
2024-09-16,Fine Dining,Food,4003.35,Expense
2026-01-01,Spotify Family Plan,Entertainment,179.0,Expense
2025-12-13,Uber Ride,Transportation,219.0,Expense
2026-03-01,Netflix Premium,Entertainment,649.0,Expense
2024-10-16,Uber Ride,Transportation,258.0,Expense
2024-07-26,Starbucks Coffee,Food,235.2,Expense
2025-07-03,Fine Dining,Food,5207.14,Expense
2024-09-05,Fiber Internet Bill,Utilities,827.0,Expense
2024-07-22,UberEats Delivery,Food,823.54,Expense
2025-05-01,Car Service,Transportation,7643.0,Expense
2026-03-03,Local Grocery Store,Food,3418.79,Expense
2026-03-23,Local Grocery Store,Food,1804.86,Expense
2026-06-13,Electronics Store,Shopping,18995.0,Expense
2025-03-19,Fine Dining,Food,1738.49,Expense
2025-03-10,Local Grocery Store,Food,2920.8,Expense
2024-07-14,Metro Card Topup,Transportation,257.0,Expense
2026-06-21,Nike Shoes,Shopping,6551.0,Expense
2026-01-31,Zara Clothing,Shopping,3441.0,Expense
2024-08-08,McDonald's Meal,Food,464.6,Expense
2026-03-22,McDonald's Meal,Food,564.62,Expense
2025-01-13,Starbucks Coffee,Food,256.95,Expense
2025-03-31,McDonald's Meal,Food,563.96,Expense
2025-10-09,Mobile Phone Bill,Utilities,470.0,Expense
2026-04-14,Steam Game Purchase,Entertainment,1997.0,Expense
2025-01-25,Electronics Store,Shopping,9397.0,Expense
2025-07-30,Gas Station,Transportation,2535.0,Expense
2025-07-18,Uber Ride,Transportation,361.0,Expense
2026-04-24,Metro Card Topup,Transportation,594.0,Expense
2025-03-02,Amazon Purchase,Shopping,6106.0,Expense
2024-11-23,Zara Clothing,Shopping,3930.0,Expense
2024-08-11,Metro Card Topup,Transportation,219.0,Expense
2024-11-11,Fine Dining,Food,3400.46,Expense
2025-02-27,Car Service,Transportation,6760.0,Expense
2025-02-07,Electricity Bill,Utilities,2247.0,Expense
2026-01-03,Starbucks Coffee,Food,274.97,Expense
2024-10-11,Electronics Store,Shopping,13322.0,Expense
2024-07-10,McDonald's Meal,Food,586.08,Expense
2026-04-12,Local Grocery Store,Food,4270.13,Expense
2026-05-08,Nike Shoes,Shopping,5019.0,Expense
2024-12-28,Electronics Store,Shopping,7789.6,Expense
2025-11-12,Electronics Store,Shopping,7339.0,Expense
2025-10-20,Starbucks Coffee,Food,455.59,Expense
2025-05-13,Fine Dining,Food,1810.38,Expense
2024-08-04,McDonald's Meal,Food,578.01,Expense
2026-03-18,UberEats Delivery,Food,548.41,Expense
2024-11-27,Local Grocery Store,Food,3845.23,Expense
2026-02-21,Electronics Store,Shopping,7623.0,Expense
2025-10-13,Nike Shoes,Shopping,4016.0,Expense
2026-01-11,Amazon Purchase,Shopping,5425.0,Expense
2026-05-31,Steam Game Purchase,Entertainment,942.0,Expense
2024-11-29,Electronics Store,Shopping,21479.0,Expense
2026-01-30,Local Grocery Store,Food,1445.45,Expense
2025-07-04,McDonald's Meal,Food,630.31,Expense
2025-01-14,Spotify Premium,Entertainment,119.0,Expense
2026-05-14,McDonald's Meal,Food,375.11,Expense
2024-07-20,Spotify Premium,Entertainment,119.0,Expense
2025-07-31,McDonald's Meal,Food,453.01,Expense
2026-04-23,Fine Dining,Food,5620.05,Expense
2025-06-19,Nike Shoes,Shopping,4650.0,Expense
2026-02-06,Amazon Purchase,Shopping,3379.0,Expense
2026-05-09,Mobile Phone Bill,Utilities,449.0,Expense
2025-04-21,Concert Ticket,Entertainment,5190.0,Expense
2026-02-11,Starbucks Coffee,Food,219.76,Expense
2025-07-01,Spotify Family Plan,Entertainment,179.0,Expense
2025-08-05,Fiber Internet Bill,Utilities,917.0,Expense
2024-10-20,Nike Shoes,Shopping,5394.0,Expense
2025-11-08,Steam Game Purchase,Entertainment,1481.0,Expense
2025-03-04,McDonald's Meal,Food,565.19,Expense
2025-10-10,Freelance Project,Income,11243.0,Income
2025-02-01,Salary Credit,Income,60000.0,Income
2025-06-26,Car Service,Transportation,3406.0,Expense
2025-08-12,Local Grocery Store,Food,4284.67,Expense
2024-11-16,Local Grocery Store,Food,2663.44,Expense
2025-07-27,Local Grocery Store,Food,4001.59,Expense
2025-02-13,UberEats Delivery,Food,1014.2,Expense
2025-01-20,Metro Card Topup,Transportation,487.0,Expense
2025-02-09,McDonald's Meal,Food,393.23,Expense
2024-08-10,Steam Game Purchase,Entertainment,2696.0,Expense
2026-05-29,McDonald's Meal,Food,323.53,Expense
2026-02-02,Uber Ride,Transportation,318.0,Expense
2025-03-29,UberEats Delivery,Food,1089.47,Expense
2025-09-19,Uber Ride,Transportation,363.0,Expense
2024-10-22,Starbucks Coffee,Food,312.08,Expense
2026-05-24,Starbucks Coffee,Food,276.41,Expense
2025-05-25,Spotify Premium,Entertainment,119.0,Expense
2024-09-02,Local Grocery Store,Food,3706.37,Expense
2025-02-11,Metro Card Topup,Transportation,495.0,Expense
2025-05-15,Amazon Purchase,Shopping,2119.0,Expense
2025-11-09,Nike Shoes,Shopping,4691.0,Expense
2025-05-17,Spotify Premium,Entertainment,119.0,Expense
2026-06-10,Starbucks Coffee,Food,458.27,Expense
2024-08-20,Fine Dining,Food,3827.93,Expense
2025-10-05,Fiber Internet Bill,Utilities,893.0,Expense
2026-01-23,UberEats Delivery,Food,1296.1,Expense
2026-06-09,Steam Game Purchase,Entertainment,2908.0,Expense
2025-08-06,Car Service,Transportation,3380.0,Expense
2025-03-27,Fine Dining,Food,2021.9,Expense
2026-02-07,Fine Dining,Food,2264.35,Expense
2026-06-13,Metro Card Topup,Transportation,339.0,Expense
2026-02-09,Fine Dining,Food,4867.73,Expense
2026-02-08,Electronics Store,Shopping,17576.0,Expense
2024-07-04,Metro Card Topup,Transportation,376.0,Expense
2025-02-09,Mobile Phone Bill,Utilities,595.0,Expense
2024-12-09,Mobile Phone Bill,Utilities,421.0,Expense
2025-04-27,Amazon Purchase,Shopping,3040.0,Expense
2024-07-26,Car Service,Transportation,5172.0,Expense
2025-09-28,Steam Game Purchase,Entertainment,1452.0,Expense
2024-10-05,Starbucks Coffee,Food,218.22,Expense
2025-02-11,Fine Dining,Food,2808.09,Expense
2025-05-04,Electronics Store,Shopping,14250.0,Expense
2025-09-24,Metro Card Topup,Transportation,285.0,Expense
2024-11-24,Electronics Store,Shopping,15763.0,Expense
2026-01-16,Gas Station,Transportation,2753.0,Expense
2025-02-17,Fine Dining,Food,2501.35,Expense
2025-07-01,Zara Clothing,Shopping,1665.0,Expense
2026-04-07,Steam Game Purchase,Entertainment,1510.0,Expense
2026-03-27,Electronics Store,Shopping,7645.0,Expense
2025-04-20,Zara Clothing,Shopping,1910.0,Expense
2026-05-29,Gas Station,Transportation,2193.0,Expense
2025-06-26,Local Grocery Store,Food,1686.14,Expense
2025-07-01,Metro Card Topup,Transportation,296.0,Expense
2025-11-02,Steam Game Purchase,Entertainment,1767.0,Expense
2026-04-17,Local Grocery Store,Food,3701.03,Expense
2025-10-01,Netflix Premium,Entertainment,649.0,Expense
2026-06-28,Zara Clothing,Shopping,4824.0,Expense
2024-10-01,Spotify Family Plan,Entertainment,179.0,Expense
2025-10-30,Local Grocery Store,Food,2746.36,Expense
2026-02-09,Uber Ride,Transportation,478.0,Expense
2024-11-21,Starbucks Coffee,Food,391.17,Expense
2026-02-01,Salary Credit,Income,65000.0,Income
2024-12-26,Nike Shoes,Shopping,8403.2,Expense
2026-06-01,Salary Credit,Income,65000.0,Income
2024-07-08,Fine Dining,Food,4492.45,Expense
2025-04-02,Gas Station,Transportation,2098.0,Expense
2024-12-22,Metro Card Topup,Transportation,563.0,Expense
2025-08-18,Local Grocery Store,Food,3754.71,Expense
2025-05-20,Starbucks Coffee,Food,367.9,Expense
2026-04-15,Fine Dining,Food,4975.64,Expense
Not a Date,Movie Night,Entertainment,350.0,Expense
2025-12-16,Amazon Purchase,Shopping,3673.8,Expense
2025-11-02,UberEats Delivery,Food,1030.05,Expense
2024-11-03,Local Grocery Store,Food,2803.2,Expense
2024-10-12,Steam Game Purchase,Entertainment,1524.0,Expense
2026-01-09,Mobile Phone Bill,Utilities,564.0,Expense
2024-08-28,Starbucks Coffee,Food,373.4,Expense
2025-09-25,McDonald's Meal,Food,564.91,Expense
2025-08-08,Gas Station,Transportation,2996.0,Expense
2025-04-05,Spotify Premium,Entertainment,119.0,Expense
2025-08-12,Gas Station,Transportation,2531.0,Expense
2024-07-13,Nike Shoes,Shopping,6977.0,Expense
2025-01-05,Electronics Store,Shopping,6676.0,Expense
2025-07-30,Fine Dining,Food,4334.65,Expense
2026-05-23,Spotify Premium,Entertainment,119.0,Expense
2026-05-20,Starbucks Coffee,Food,227.13,Expense
2025-05-23,Spotify Premium,Entertainment,119.0,Expense
2026-03-27,Fine Dining,Food,3436.03,Expense
2024-12-28,Metro Card Topup,Transportation,533.0,Expense
2025-02-21,Car Service,Transportation,5418.0,Expense
2025-03-13,Starbucks Coffee,Food,230.47,Expense
2024-11-01,Fine Dining,Food,4527.61,Expense
2025-11-04,Zara Clothing,Shopping,4940.0,Expense
2024-10-26,Spotify Premium,Entertainment,119.0,Expense
2026-06-07,Steam Game Purchase,Entertainment,1913.0,Expense
2025-12-18,Nike Shoes,Shopping,6480.5,Expense
2026-06-22,McDonald's Meal,Food,424.82,Expense
2026-02-25,Investment Yield,Income,3368.0,Income
2024-08-23,McDonald's Meal,Food,330.56,Expense
2025-12-17,Metro Card Topup,Transportation,539.0,Expense
2025-07-06,Concert Ticket,Entertainment,3899.0,Expense
2025-12-12,UberEats Delivery,Food,923.55,Expense
2024-09-30,Zara Clothing,Shopping,5282.0,Expense
2026-04-06,Local Grocery Store,Food,4157.91,Expense
2025/13/45,Weekend Getaway,Travel,4500.0,Expense
2025-09-05,Fiber Internet Bill,Utilities,958.0,Expense
2025-05-06,Steam Game Purchase,Entertainment,597.0,Expense
2025-07-11,UberEats Delivery,Food,853.03,Expense
2026-03-17,Local Grocery Store,Food,4347.03,Expense
2025-03-22,Local Grocery Store,Food,2954.0,Expense
2025-04-29,Local Grocery Store,Food,3549.39,Expense
2025-09-06,Local Grocery Store,Food,2172.09,Expense
2025-04-01,Spotify Family Plan,Entertainment,179.0,Expense
2025-06-01,Uber Ride,Transportation,462.0,Expense
2026-04-25,Gas Station,Transportation,3218.0,Expense
2025-09-07,Electricity Bill,Utilities,1929.0,Expense
2024-09-03,Electronics Store,Shopping,21062.0,Expense
2025-08-09,Mobile Phone Bill,Utilities,546.0,Expense
2025-09-21,Cinema Movie Ticket,Entertainment,756.0,Expense
2024-09-07,Gas Station,Transportation,2226.0,Expense
2025-06-14,Spotify Premium,Entertainment,119.0,Expense
2025-06-02,Local Grocery Store,Food,2406.41,Expense
2025-01-15,UberEats Delivery,Food,750.33,Expense
2024-11-25,Fine Dining,Food,1938.85,Expense
2025-06-14,Car Service,Transportation,4416.0,Expense
2025-11-14,Electronics Store,Shopping,15227.0,Expense
2025-09-17,McDonald's Meal,Food,482.23,Expense
2025-10-07,UberEats Delivery,Food,833.4,Expense
2024-07-29,McDonald's Meal,Food,286.64,Expense
2026-04-01,Car Service,Transportation,3354.0,Expense
2025-12-10,Starbucks Coffee,Food,476.56,Expense
2025-10-19,McDonald's Meal,Food,598.19,Expense
2025-08-22,Local Grocery Store,Food,3956.24,Expense
2024-07-01,Netflix Premium,Entertainment,649.0,Expense
2025-12-15,Fine Dining,Food,2625.75,Expense
2024-11-23,Car Service,Transportation,5327.0,Expense
2026-02-08,Fine Dining,Food,3578.13,Expense
2026-05-08,Gas Station,Transportation,1558.0,Expense
2025-02-27,UberEats Delivery,Food,503.77,Expense
2025-12-14,Cinema Movie Ticket,Entertainment,456.0,Expense
2025-09-26,Fine Dining,Food,4323.42,Expense
2026-04-26,Metro Card Topup,Transportation,389.0,Expense
2024-12-08,Cinema Movie Ticket,Entertainment,695.0,Expense
2026-02-03,Metro Card Topup,Transportation,301.0,Expense
2024-12-14,Uber Ride,Transportation,140.0,Expense
2024-09-28,Nike Shoes,Shopping,5249.0,Expense
2025-05-03,Cinema Movie Ticket,Entertainment,592.0,Expense
2024-08-01,Salary Credit,Income,55000.0,Income
2026-02-02,Starbucks Coffee,Food,228.35,Expense
2025-07-24,Starbucks Coffee,Food,367.11,Expense
2025-09-23,Car Service,Transportation,6945.0,Expense
2025-03-11,Fine Dining,Food,2308.06,Expense
2025-12-01,Netflix Premium,Entertainment,649.0,Expense
2025-06-13,Starbucks Coffee,Food,377.1,Expense
2025-02-01,Fine Dining,Food,4933.74,Expense
2025-04-01,Netflix Premium,Entertainment,649.0,Expense
2024-12-19,UberEats Delivery,Food,746.33,Expense
2024-07-11,Fine Dining,Food,2581.29,Expense
2025-07-05,Fiber Internet Bill,Utilities,870.0,Expense
2024-07-20,Amazon Purchase,Shopping,7542.0,Expense
2025-11-01,Spotify Family Plan,Entertainment,179.0,Expense
2025-09-20,Amazon Purchase,Shopping,4444.0,Expense
2026-04-28,Starbucks Coffee,Food,487.71,Expense
2025-02-04,Concert Ticket,Entertainment,4868.0,Expense
2025-11-09,Local Grocery Store,Food,2607.14,Expense
2025-04-16,Hotel Accommodation,Travel,5276.0,Expense
2025-08-09,UberEats Delivery,Food,896.74,Expense
2026-01-16,UberEats Delivery,Food,1045.59,Expense
2024-11-16,Gas Station,Transportation,1656.0,Expense
2025-08-30,Cinema Movie Ticket,Entertainment,327.0,Expense
2025-03-23,Zara Clothing,Shopping,4053.0,Expense
2024-10-01,Salary Credit,Income,55000.0,Income
2025-11-28,Spotify Premium,Entertainment,119.0,Expense
2025-10-01,Gas Station,Transportation,2346.0,Expense
2025-05-31,Fine Dining,Food,2995.37,Expense
2025-07-07,Electricity Bill,Utilities,3111.0,Expense
2025-05-02,Starbucks Coffee,Food,282.67,Expense
2026-06-08,McDonald's Meal,Food,430.62,Expense
2024-07-09,Starbucks Coffee,Food,267.44,Expense
2024-09-13,Starbucks Coffee,Food,179.69,Expense
2025-11-11,Uber Ride,Transportation,352.0,Expense
2025-12-04,Uber Ride,Transportation,335.0,Expense
2026-06-30,Starbucks Coffee,Food,333.44,Expense
2024-10-20,Starbucks Coffee,Food,291.5,Expense
2025-12-10,Uber Ride,Transportation,304.0,Expense
2026-06-27,Fine Dining,Food,1886.95,Expense
2025-05-19,UberEats Delivery,Food,575.73,Expense
2024-10-13,Electronics Store,Shopping,23740.0,Expense
2024-12-07,Fine Dining,Food,3849.8,Expense
2025-03-26,Starbucks Coffee,Food,264.82,Expense
2026-04-01,Amazon Purchase,Shopping,4902.0,Expense
2026-03-16,Fine Dining,Food,3350.2,Expense
2026-03-04,Local Grocery Store,Food,2894.91,Expense
2025-04-03,UberEats Delivery,Food,1016.56,Expense
2026-01-18,Cinema Movie Ticket,Entertainment,538.0,Expense
2025-03-14,Gas Station,Transportation,2481.0,Expense
2024-10-09,Mobile Phone Bill,Utilities,520.0,Expense
2024-07-08,Car Service,Transportation,6108.0,Expense
2026-01-21,Local Grocery Store,Food,2901.75,Expense
2025-04-21,Gas Station,Transportation,2007.0,Expense
2025-06-17,Starbucks Coffee,Food,482.46,Expense
2026-03-09,Mobile Phone Bill,Utilities,597.0,Expense
2025-12-24,McDonald's Meal,Food,355.57,Expense
2026-03-16,Metro Card Topup,Transportation,405.0,Expense
2025-11-28,Starbucks Coffee,Food,205.68,Expense
2026-06-07,Electricity Bill,Utilities,3086.0,Expense
2024-12-07,Electricity Bill,Utilities,2383.0,Expense
2025-09-02,Gas Station,Transportation,2592.0,Expense
2024-11-05,Metro Card Topup,Transportation,507.0,Expense
2024-07-14,Concert Ticket,Entertainment,5980.0,Expense
2025-02-24,Gas Station,Transportation,1639.0,Expense
2026-06-21,Steam Game Purchase,Entertainment,1988.0,Expense
2024-11-09,Amazon Purchase,Shopping,1251.0,Expense
2024-07-21,Fine Dining,Food,3875.86,Expense
2025-08-04,Local Grocery Store,Food,2871.59,Expense
2026-01-05,UberEats Delivery,Food,814.06,Expense
2025-03-10,Car Service,Transportation,6176.0,Expense
2026-03-29,Starbucks Coffee,Food,343.73,Expense
2024-12-05,Starbucks Coffee,Food,179.61,Expense
2025-07-01,Netflix Premium,Entertainment,649.0,Expense
2026-05-13,Fine Dining,Food,3351.4,Expense
2025-06-04,Starbucks Coffee,Food,320.84,Expense
2026-04-03,Car Service,Transportation,4638.0,Expense
2026-03-12,Electronics Store,Shopping,13486.0,Expense
2026-05-05,Car Service,Transportation,3724.0,Expense
2025-09-05,Metro Card Topup,Transportation,308.0,Expense
2024-10-01,Fine Dining,Food,2131.55,Expense
2025-11-26,Fine Dining,Food,4908.02,Expense
2025-09-16,Local Grocery Store,Food,1769.31,Expense
2026-03-26,UberEats Delivery,Food,646.4,Expense
2025-10-19,Car Service,Transportation,6918.0,Expense
2025-11-06,McDonald's Meal,Food,446.03,Expense
2024-09-29,Gas Station,Transportation,2136.0,Expense
2026-05-10,Electronics Store,Shopping,9439.0,Expense
2025-04-07,Electricity Bill,Utilities,2792.0,Expense
2026-02-22,McDonald's Meal,Food,551.64,Expense
2026-03-16,Amazon Purchase,Shopping,3492.0,Expense
2024-08-30,Starbucks Coffee,Food,172.1,Expense
2025-05-09,Electronics Store,Shopping,7452.0,Expense
2026-04-21,Fine Dining,Food,2316.24,Expense
2026-02-27,Fine Dining,Food,5089.58,Expense
2024-08-09,Mobile Phone Bill,Utilities,559.0,Expense
2024-09-29,Fine Dining,Food,4861.27,Expense
2025-02-02,Car Service,Transportation,3952.0,Expense
2026-06-20,Nike Shoes,Shopping,5697.0,Expense
2024-10-28,Nike Shoes,Shopping,3214.0,Expense
2026-06-03,Steam Game Purchase,Entertainment,987.0,Expense
2026-02-13,UberEats Delivery,Food,1273.07,Expense
2024-07-02,McDonald's Meal,Food,508.1,Expense
2025-12-20,Local Grocery Store,Food,2947.96,Expense
2026-01-15,UberEats Delivery,Food,523.26,Expense
2025-03-01,Nike Shoes,Shopping,5317.0,Expense
2024-11-19,Metro Card Topup,Transportation,502.0,Expense
2025-10-31,Local Grocery Store,Food,3964.65,Expense
2026-04-11,UberEats Delivery,Food,1115.22,Expense
2025-10-20,Spotify Premium,Entertainment,119.0,Expense
2026-06-01,Starbucks Coffee,Food,210.47,Expense
2025-05-30,Local Grocery Store,Food,2570.63,Expense
2025-01-01,Salary Credit,Income,60000.0,Income
2026-04-09,Mobile Phone Bill,Utilities,493.0,Expense
2024-11-23,Starbucks Coffee,Food,327.47,Expense
2024-09-28,Concert Ticket,Entertainment,3794.0,Expense
2025-03-12,Uber Ride,Transportation,284.0,Expense
2025-06-04,Metro Card Topup,Transportation,253.0,Expense
2025-10-27,Fine Dining,Food,2433.73,Expense
2026-06-09,Mobile Phone Bill,Utilities,434.0,Expense
2025-04-23,Cinema Movie Ticket,Entertainment,484.0,Expense
2025-11-11,Electronics Store,Shopping,15209.0,Expense
2025-03-23,Local Grocery Store,Food,3061.07,Expense
2026-05-02,UberEats Delivery,Food,824.81,Expense
2026-03-12,UberEats Delivery,Food,702.24,Expense
2024-09-27,Car Service,Transportation,7215.0,Expense
2025-02-02,Fine Dining,Food,2206.78,Expense
2025-11-25,Investment Yield,Income,1784.0,Income
2026-05-31,Car Service,Transportation,6969.0,Expense
2025-06-18,Starbucks Coffee,Food,218.76,Expense
2025-03-08,UberEats Delivery,Food,1185.95,Expense
2024-10-16,Concert Ticket,Entertainment,4999.0,Expense
2026-03-05,Fiber Internet Bill,Utilities,992.0,Expense
2025-05-21,UberEats Delivery,Food,721.0,Expense
2024-09-25,Investment Yield,Income,3600.0,Income
2025-08-05,Car Service,Transportation,3876.0,Expense
2025-12-05,Local Grocery Store,Food,1745.04,Expense
2024-10-23,Fine Dining,Food,3291.33,Expense
2025-10-23,Fine Dining,Food,4733.11,Expense
2024-11-30,Metro Card Topup,Transportation,226.0,Expense
2024-12-03,Metro Card Topup,Transportation,441.0,Expense
2026-05-05,Nike Shoes,Shopping,4697.0,Expense
2025-02-01,Car Service,Transportation,7326.0,Expense
2024-09-08,Electronics Store,Shopping,21083.0,Expense
2026-04-01,Netflix Premium,Entertainment,649.0,Expense
2024-10-26,Local Grocery Store,Food,2249.82,Expense
2025-09-25,Investment Yield,Income,1541.0,Income
2024-11-16,Amazon Purchase,Shopping,4846.0,Expense
2026-06-06,Car Service,Transportation,5889.0,Expense
2026-06-05,Fiber Internet Bill,Utilities,859.0,Expense
2026-03-01,Nike Shoes,Shopping,3222.0,Expense
2025-01-26,McDonald's Meal,Food,504.79,Expense
2025-10-02,Local Grocery Store,Food,3901.59,Expense
2024-11-02,Fine Dining,Food,4565.43,Expense
2025-06-04,Zara Clothing,Shopping,4275.0,Expense
2024-07-05,Fiber Internet Bill,Utilities,963.0,Expense
2024-09-01,Spotify Family Plan,Entertainment,179.0,Expense
2025-07-08,Starbucks Coffee,Food,244.35,Expense
2026-06-08,Dental Clinic Visit,Medical,1153.0,Expense
2025-11-23,Electronics Store,Shopping,11221.0,Expense
2026-04-15,Gas Station,Transportation,1783.0,Expense
2026-05-01,Spotify Family Plan,Entertainment,179.0,Expense
2025-02-25,Health Checkup Package,Medical,5260.0,Expense
2026-02-23,Fine Dining,Food,1928.27,Expense
2025-06-20,Local Grocery Store,Food,2331.06,Expense
2026-05-10,Local Grocery Store,Food,2127.1,Expense
2024-12-17,Fine Dining,Food,4425.52,Expense
2025-06-08,Concert Ticket,Entertainment,2335.0,Expense
2025-07-14,UberEats Delivery,Food,826.57,Expense
2025-12-01,Spotify Family Plan,Entertainment,179.0,Expense
2025-06-01,Salary Credit,Income,60000.0,Income
2025-06-01,Spotify Family Plan,Entertainment,179.0,Expense
2026-06-25,Investment Yield,Income,2041.0,Income
2026-05-17,Concert Ticket,Entertainment,2117.0,Expense
2025-09-01,Uber Ride,Transportation,248.0,Expense
2025-06-07,Car Service,Transportation,7683.0,Expense
2025-12-19,UberEats Delivery,Food,1081.27,Expense
2025-04-28,Starbucks Coffee,Food,395.01,Expense
2025-06-29,Car Service,Transportation,5475.0,Expense
2025-05-05,Local Grocery Store,Food,2148.9,Expense
2026-02-07,Amazon Purchase,Shopping,3169.0,Expense
2026-03-20,Nike Shoes,Shopping,3229.0,Expense
2025-04-09,Starbucks Coffee,Food,307.86,Expense
2026-01-14,Fine Dining,Food,2483.06,Expense
2025-04-18,Starbucks Coffee,Food,214.08,Expense
2026-03-27,Spotify Premium,Entertainment,119.0,Expense
2025-08-03,Electronics Store,Shopping,16904.0,Expense
2026-05-19,UberEats Delivery,Food,1340.87,Expense
2025-03-20,McDonald's Meal,Food,617.55,Expense
2024-08-24,UberEats Delivery,Food,806.85,Expense
2025-12-24,Gas Station,Transportation,2380.0,Expense
2025-05-07,Electricity Bill,Utilities,2980.0,Expense
2026-05-01,McDonald's Meal,Food,445.89,Expense
2025-08-01,Spotify Family Plan,Entertainment,179.0,Expense
2025-10-06,Fine Dining,Food,2924.56,Expense
2025-10-26,Metro Card Topup,Transportation,376.0,Expense
2026-01-01,Netflix Premium,Entertainment,649.0,Expense
2024-10-28,Local Grocery Store,Food,2227.16,Expense
2025-01-31,UberEats Delivery,Food,1216.23,Expense
2025-09-01,Starbucks Coffee,Food,203.41,Expense
2025-10-12,Fine Dining,Food,1767.02,Expense
2025-02-01,Netflix Premium,Entertainment,649.0,Expense
2025-08-16,UberEats Delivery,Food,546.56,Expense
2026-05-11,Spotify Premium,Entertainment,119.0,Expense
2026-04-20,Local Grocery Store,Food,1882.17,Expense
2025-12-29,UberEats Delivery,Food,1004.31,Expense
2025-06-05,Car Service,Transportation,3253.0,Expense
2025-05-24,Metro Card Topup,Transportation,577.0,Expense
2025-11-28,Zara Clothing,Shopping,5455.0,Expense
2025-07-23,Zara Clothing,Shopping,2596.0,Expense
2025-07-01,Salary Credit,Income,60000.0,Income
2024-08-27,McDonald's Meal,Food,494.73,Expense
2025-09-07,Car Service,Transportation,5710.0,Expense
2025-02-04,Local Grocery Store,Food,1266.29,Expense
2025-03-30,Local Grocery Store,Food,1878.43,Expense
2026-01-20,Concert Ticket,Entertainment,4075.0,Expense
2026-01-13,Fine Dining,Food,3035.78,Expense
2025-11-12,Starbucks Coffee,Food,351.71,Expense
2025-08-27,Car Service,Transportation,6987.0,Expense
2024-10-25,Gas Station,Transportation,3482.0,Expense
2024-09-19,UberEats Delivery,Food,1123.16,Expense
2026-01-10,Local Grocery Store,Food,1393.32,Expense
2024-07-23,Gas Station,Transportation,2598.0,Expense
2025-12-21,Concert Ticket,Entertainment,5674.0,Expense
2024-11-10,Local Grocery Store,Food,3619.58,Expense
2025-01-22,Fine Dining,Food,2236.4,Expense
2024-12-01,Electronics Store,Shopping,10406.5,Expense
2025-02-12,Fine Dining,Food,2516.68,Expense
2025-01-30,Local Grocery Store,Food,1753.53,Expense
2025-05-12,Local Grocery Store,Food,1800.45,Expense
2026-03-05,Metro Card Topup,Transportation,546.0,Expense
2026-01-29,Uber Ride,Transportation,102.0,Expense
2025-06-08,Amazon Purchase,Shopping,710.0,Expense
2026-03-01,UberEats Delivery,Food,1285.8,Expense
2025-04-05,Uber Ride,Transportation,324.0,Expense
2024-08-06,Starbucks Coffee,Food,227.67,Expense
2024-07-07,Metro Card Topup,Transportation,307.0,Expense
2026-03-17,Uber Ride,Transportation,296.0,Expense
2026-01-16,Amazon Purchase,Shopping,4462.0,Expense
2025-03-24,Uber Ride,Transportation,463.0,Expense
2025-01-23,Uber Ride,Transportation,493.0,Expense
2024-10-17,UberEats Delivery,Food,591.85,Expense
2025-08-14,Amazon Purchase,Shopping,707.0,Expense
2024-11-01,Spotify Family Plan,Entertainment,179.0,Expense
2025-09-09,Mobile Phone Bill,Utilities,593.0,Expense
2026-01-23,Metro Card Topup,Transportation,489.0,Expense
2025-10-19,Concert Ticket,Entertainment,3612.0,Expense
2024-12-27,Fine Dining,Food,4276.72,Expense
2025-07-19,Steam Game Purchase,Entertainment,1709.0,Expense
2024-12-04,Gas Station,Transportation,2623.0,Expense
2025-12-20,Concert Ticket,Entertainment,5599.0,Expense
2026-05-06,Car Service,Transportation,5371.0,Expense
2025-03-03,Local Grocery Store,Food,1327.63,Expense
2025-06-04,Taxi Service,Transportation,invalid_amt,Expense
2025-09-13,Electronics Store,Shopping,21420.0,Expense
2024-11-26,UberEats Delivery,Food,614.12,Expense
2025-12-11,Steam Game Purchase,Entertainment,1824.0,Expense
2024-10-25,Electronics Store,Shopping,8003.0,Expense
2024-10-01,Gas Station,Transportation,3269.0,Expense
2025-07-27,Gas Station,Transportation,2489.0,Expense
2025-02-01,Cinema Movie Ticket,Entertainment,331.0,Expense
2025-07-10,McDonald's Meal,Food,538.42,Expense
2026-02-18,Gas Station,Transportation,2815.0,Expense
2025-05-01,Netflix Premium,Entertainment,649.0,Expense
2025-12-25,Fine Dining,Food,4093.18,Expense
2025-12-28,Fine Dining,Food,2725.48,Expense
2026-02-04,Car Service,Transportation,3796.0,Expense
2024-10-27,Gas Station,Transportation,1766.0,Expense
2024-07-20,Uber Ride,Transportation,217.0,Expense
2025-08-23,McDonald's Meal,Food,560.32,Expense
2025-04-05,Fiber Internet Bill,Utilities,802.0,Expense
2025-05-11,Gas Station,Transportation,2420.0,Expense
2024-08-22,Fine Dining,Food,3521.23,Expense
2025-11-01,Salary Credit,Income,60000.0,Income
2025-05-09,Mobile Phone Bill,Utilities,560.0,Expense
2025-08-23,Gas Station,Transportation,2351.0,Expense
2024-11-15,UberEats Delivery,Food,432.85,Expense
2024-07-06,McDonald's Meal,Food,398.41,Expense
2024-12-15,UberEats Delivery,Food,458.2,Expense
2025-05-15,Metro Card Topup,Transportation,238.0,Expense
2025-01-28,McDonald's Meal,Food,515.42,Expense
2026-05-19,Cinema Movie Ticket,Entertainment,540.0,Expense
2024-10-04,Car Service,Transportation,6123.0,Expense
2025-09-28,Amazon Purchase,Shopping,3985.0,Expense
2024-07-12,UberEats Delivery,Food,494.11,Expense
2025-06-07,Pharmacy Medicines,Medical,803.0,Expense
2026-03-02,UberEats Delivery,Food,998.0,Expense
2025-09-22,McDonald's Meal,Food,561.32,Expense
2026-05-02,Concert Ticket,Entertainment,3628.0,Expense
2025-05-05,Fiber Internet Bill,Utilities,982.0,Expense
2026-06-23,Starbucks Coffee,Food,311.2,Expense
2025-07-09,Mobile Phone Bill,Utilities,483.0,Expense
2025-11-26,Gas Station,Transportation,2842.0,Expense
2024-10-19,McDonald's Meal,Food,609.47,Expense
2025-12-02,UberEats Delivery,Food,949.5,Expense
2025-07-08,Gas Station,Transportation,2201.0,Expense
2025-04-09,Mobile Phone Bill,Utilities,434.0,Expense
2026-01-27,Starbucks Coffee,Food,421.54,Expense
2025-03-13,Car Service,Transportation,5721.0,Expense
2025-10-03,McDonald's Meal,Food,329.39,Expense
2025-08-02,Local Grocery Store,Food,3549.73,Expense
2024-11-19,UberEats Delivery,Food,1076.31,Expense
2024-07-13,UberEats Delivery,Food,791.95,Expense
2026-06-08,Amazon Purchase,Shopping,7618.0,Expense
2025-03-05,Electronics Store,Shopping,12606.0,Expense
2026-03-21,Fine Dining,Food,3812.77,Expense
2024-11-28,UberEats Delivery,Food,658.7,Expense
2025-11-25,Fine Dining,Food,4562.29,Expense
2026-04-04,Car Service,Transportation,4458.0,Expense
2025-01-26,Concert Ticket,Entertainment,5238.0,Expense
2025-09-07,Zara Clothing,Shopping,2019.0,Expense
2024-12-30,Zara Clothing,Shopping,4888.0,Expense
2025-08-18,Metro Card Topup,Transportation,303.0,Expense
2026-06-06,Cinema Movie Ticket,Entertainment,314.0,Expense
2024-09-15,Amazon Purchase,Shopping,1742.0,Expense
2025-10-12,Electronics Store,Shopping,12221.0,Expense
2026-02-13,Cinema Movie Ticket,Entertainment,613.0,Expense
2024-08-19,Starbucks Coffee,Food,370.7,Expense
2024-12-24,Car Service,Transportation,7306.0,Expense
2026-04-18,Fine Dining,Food,4854.65,Expense
2025-03-09,Starbucks Coffee,Food,228.19,Expense
2024-09-08,UberEats Delivery,Food,912.76,Expense
2026-01-04,Amazon Purchase,Shopping,1972.0,Expense
2026-02-09,Mobile Phone Bill,Utilities,580.0,Expense
2026-02-20,UberEats Delivery,Food,1144.42,Expense
2026-05-18,McDonald's Meal,Food,417.59,Expense
2025-10-04,Spotify Premium,Entertainment,119.0,Expense
2026-02-15,Car Service,Transportation,5606.0,Expense
